{
    "now": "2025-11-28T05:37:40.415Z",
    "perfNow": 12452981.800000012,
    "diagnosticCorrelation": "6a47b8a0-509c-4353-b107-95631fa81d7f",
    "source": "DownloadSupportFiles",
    "environment": {
        "productName": "adf",
        "buildVersion": "1.0.112025.4",
        "environmentType": 3,
        "resourceName": "Adf-Spotify-AzureProject",
        "resourceRegion": "eastus",
        "resourceGroup": "RG-AZUREPROJECT",
        "subscriptionId": "24c48c60-10b7-43ea-b995-07d8c002049e",
        "sessionId": "siJjhRWeI/3Viu4o3t8Rbt",
        "operationId": "",
        "gitType": "GitHub",
        "loggingKey": "e97082b9-85b7-4220-85a2-9fe1d74917bb"
    },
    "additionalInfo": {
        "selectedResource": "Incremental_Ingestion",
        "selectedResourceType": "template"
    }
}