{
    "now": "2025-11-28T05:37:34.599Z",
    "perfNow": 12447165.700000048,
    "diagnosticCorrelation": "352f2183-dc55-4e19-b86e-06345e668c0f",
    "source": "DownloadSupportFiles",
    "environment": {
        "productName": "adf",
        "buildVersion": "1.0.112025.4",
        "environmentType": 3,
        "resourceName": "Adf-Spotify-AzureProject",
        "resourceRegion": "eastus",
        "resourceGroup": "RG-AZUREPROJECT",
        "subscriptionId": "24c48c60-10b7-43ea-b995-07d8c002049e",
        "sessionId": "siJjhRWeI/3Viu4o3t8Rbt",
        "operationId": "",
        "gitType": "GitHub",
        "loggingKey": "e97082b9-85b7-4220-85a2-9fe1d74917bb"
    },
    "additionalInfo": {
        "selectedResource": "Incremental_Loop",
        "selectedResourceType": "template"
    }
}