{
    "now": "2025-11-28T05:37:47.563Z",
    "perfNow": 12460130,
    "diagnosticCorrelation": "8133fe0b-3efa-410a-a39a-720ef12b9852",
    "source": "DownloadSupportFiles",
    "environment": {
        "productName": "adf",
        "buildVersion": "1.0.112025.4",
        "environmentType": 3,
        "resourceName": "Adf-Spotify-AzureProject",
        "resourceRegion": "eastus",
        "resourceGroup": "RG-AZUREPROJECT",
        "subscriptionId": "24c48c60-10b7-43ea-b995-07d8c002049e",
        "sessionId": "siJjhRWeI/3Viu4o3t8Rbt",
        "operationId": "",
        "gitType": "GitHub",
        "loggingKey": "e97082b9-85b7-4220-85a2-9fe1d74917bb"
    },
    "additionalInfo": {
        "selectedResource": "Back_Filling_Incremental_Ingestion",
        "selectedResourceType": "template"
    }
}