{
    "now": "2025-11-28T05:37:42.866Z",
    "perfNow": 12455432.800000012,
    "diagnosticCorrelation": "86b70d2f-f036-4dfb-b7c1-1f711daa6d2c",
    "source": "DownloadSupportFiles",
    "environment": {
        "productName": "adf",
        "buildVersion": "1.0.112025.4",
        "environmentType": 3,
        "resourceName": "Adf-Spotify-AzureProject",
        "resourceRegion": "eastus",
        "resourceGroup": "RG-AZUREPROJECT",
        "subscriptionId": "24c48c60-10b7-43ea-b995-07d8c002049e",
        "sessionId": "siJjhRWeI/3Viu4o3t8Rbt",
        "operationId": "",
        "gitType": "GitHub",
        "loggingKey": "e97082b9-85b7-4220-85a2-9fe1d74917bb"
    },
    "additionalInfo": {
        "selectedResource": "Delete_Incremental_Ingestion_copy",
        "selectedResourceType": "template"
    }
}